date,sunrise,sunset
2024-01-01,6:37 am,5:33 pm
2024-01-02,6:37 am,5:33 pm
2024-01-03,6:37 am,5:34 pm
2024-01-04,6:37 am,5:35 pm
2024-01-05,6:38 am,5:35 pm
2024-01-06,6:38 am,5:36 pm
2024-01-07,6:38 am,5:37 pm
2024-01-08,6:38 am,5:37 pm
2024-01-09,6:39 am,5:38 pm
2024-01-10,6:39 am,5:39 pm
2024-01-11,6:39 am,5:39 pm
2024-01-12,6:39 am,5:40 pm
2024-01-13,6:39 am,5:41 pm
2024-01-14,6:39 am,5:41 pm
2024-01-15,6:39 am,5:42 pm
2024-01-16,6:39 am,5:42 pm
2024-01-17,6:39 am,5:43 pm
2024-01-18,6:39 am,5:44 pm
2024-01-19,6:39 am,5:44 pm
2024-01-20,6:39 am,5:45 pm
2024-01-21,6:39 am,5:46 pm
2024-01-22,6:39 am,5:46 pm
2024-01-23,6:39 am,5:47 pm
2024-01-24,6:39 am,5:48 pm
2024-01-25,6:39 am,5:48 pm
2024-01-26,6:39 am,5:49 pm
2024-01-27,6:38 am,5:50 pm
2024-01-28,6:38 am,5:50 pm
2024-01-29,6:38 am,5:51 pm
2024-01-30,6:38 am,5:51 pm
2024-01-31,6:37 am,5:52 pm
2024-02-01,6:37 am,5:53 pm
2024-02-02,6:37 am,5:53 pm
2024-02-03,6:36 am,5:54 pm
2024-02-04,6:36 am,5:54 pm
2024-02-05,6:36 am,5:55 pm
2024-02-06,6:35 am,5:55 pm
2024-02-07,6:35 am,5:56 pm
2024-02-08,6:34 am,5:57 pm
2024-02-09,6:34 am,5:57 pm
2024-02-10,6:33 am,5:58 pm
2024-02-11,6:33 am,5:58 pm
2024-02-12,6:32 am,5:59 pm
2024-02-13,6:32 am,5:59 pm
2024-02-14,6:31 am,6:00 pm
2024-02-15,6:31 am,6:00 pm
2024-02-16,6:30 am,6:01 pm
2024-02-17,6:30 am,6:01 pm
2024-02-18,6:29 am,6:01 pm
2024-02-19,6:28 am,6:02 pm
2024-02-20,6:28 am,6:02 pm
2024-02-21,6:27 am,6:03 pm
2024-02-22,6:26 am,6:03 pm
2024-02-23,6:26 am,6:04 pm
2024-02-24,6:25 am,6:04 pm
2024-02-25,6:24 am,6:04 pm
2024-02-26,6:24 am,6:05 pm
2024-02-27,6:23 am,6:05 pm
2024-02-28,6:22 am,6:06 pm
2024-02-29,6:21 am,6:06 pm
2024-03-01,6:21 am,6:06 pm
2024-03-02,6:20 am,6:07 pm
2024-03-03,6:19 am,6:07 pm
2024-03-04,6:18 am,6:07 pm
2024-03-05,6:17 am,6:08 pm
2024-03-06,6:17 am,6:08 pm
2024-03-07,6:16 am,6:08 pm
2024-03-08,6:15 am,6:09 pm
2024-03-09,6:14 am,6:09 pm
2024-03-10,7:13 am,7:09 pm
2024-03-11,7:13 am,7:10 pm
2024-03-12,7:12 am,7:10 pm
2024-03-13,7:11 am,7:10 pm
2024-03-14,7:10 am,7:11 pm
2024-03-15,7:09 am,7:11 pm
2024-03-16,7:08 am,7:11 pm
2024-03-17,7:07 am,7:12 pm
2024-03-18,7:07 am,7:12 pm
2024-03-19,7:06 am,7:12 pm
2024-03-20,7:05 am,7:12 pm
2024-03-21,7:04 am,7:13 pm
2024-03-22,7:03 am,7:13 pm
2024-03-23,7:02 am,7:13 pm
2024-03-24,7:01 am,7:13 pm
2024-03-25,7:00 am,7:14 pm
2024-03-26,6:59 am,7:14 pm
2024-03-27,6:59 am,7:14 pm
2024-03-28,6:58 am,7:15 pm
2024-03-29,6:57 am,7:15 pm
2024-03-30,6:56 am,7:15 pm
2024-03-31,6:55 am,7:15 pm
2024-04-01,6:54 am,7:16 pm
2024-04-02,6:53 am,7:16 pm
2024-04-03,6:52 am,7:16 pm
2024-04-04,6:52 am,7:17 pm
2024-04-05,6:51 am,7:17 pm
2024-04-06,6:50 am,7:17 pm
2024-04-07,6:49 am,7:17 pm
2024-04-08,6:48 am,7:18 pm
2024-04-09,6:47 am,7:18 pm
2024-04-10,6:47 am,7:18 pm
2024-04-11,6:46 am,7:19 pm
2024-04-12,6:45 am,7:19 pm
2024-04-13,6:44 am,7:19 pm
2024-04-14,6:43 am,7:19 pm
2024-04-15,6:43 am,7:20 pm